{"cameraMode":{"drawMode":0,"name":"Shaded","section":"Shading Mode"},"sceneLighting":true,"audioPlay":false,"sceneViewState":{"m_AlwaysRefresh":false,"showFog":true,"showSkybox":true,"showFlares":true,"showImageEffects":true,"showParticleSystems":true,"showVisualEffectGraphs":true,"m_FxEnabled":true},"in2DMode":false,"pivot":{"x":0.03534941375255585,"y":0.17571814358234406,"z":-0.5144485235214233},"rotation":{"x":0.055864933878183368,"y":-0.013979174196720124,"z":0.0007641676929779351,"w":0.9983630180358887},"size":0.8011906743049622,"orthographic":true}