{"cameraMode":{"drawMode":0,"name":"Shaded","section":"Shading Mode"},"sceneLighting":true,"audioPlay":false,"sceneViewState":{"m_AlwaysRefresh":false,"showFog":true,"showSkybox":true,"showFlares":true,"showImageEffects":true,"showParticleSystems":true,"showVisualEffectGraphs":true,"m_FxEnabled":true},"in2DMode":false,"pivot":{"x":0.018456388264894487,"y":0.026145977899432184,"z":0.03994385898113251},"rotation":{"x":0.055864933878183368,"y":-0.013979174196720124,"z":0.0007641676929779351,"w":0.9983630180358887},"size":0.48830246925354006,"orthographic":true}