{"cameraMode":{"drawMode":0,"name":"Shaded","section":"Shading Mode"},"sceneLighting":true,"audioPlay":false,"sceneViewState":{"m_AlwaysRefresh":false,"showFog":true,"showSkybox":true,"showFlares":true,"showImageEffects":true,"showParticleSystems":true,"showVisualEffectGraphs":true,"m_FxEnabled":true},"in2DMode":false,"pivot":{"x":-0.049999892711639407,"y":-0.1899999976158142,"z":2.235262393951416},"rotation":{"x":0.055864933878183368,"y":-0.013979174196720124,"z":0.0007641676929779351,"w":0.9983630180358887},"size":2.368591070175171,"orthographic":true}