{"cameraMode":{"drawMode":0,"name":"Shaded","section":"Shading Mode"},"sceneLighting":true,"audioPlay":false,"sceneViewState":{"m_AlwaysRefresh":false,"showFog":true,"showSkybox":true,"showFlares":true,"showImageEffects":true,"showParticleSystems":true,"showVisualEffectGraphs":true,"m_FxEnabled":true},"in2DMode":false,"pivot":{"x":-1.386028528213501,"y":1.0193206071853638,"z":-0.02277599647641182},"rotation":{"x":0.026525594294071199,"y":-0.9333207011222839,"z":0.07050273567438126,"w":0.3510865271091461},"size":3.9486031532287599,"orthographic":true}